driverId,driverRef,forename,surname,nationality,dob,age,cluster
1,hamilton,Lewis,Hamilton,British,1985-01-07,40,1
2,heidfeld,Nick,Heidfeld,German,1977-05-10,48,1
3,rosberg,Nico,Rosberg,German,1985-06-27,40,1
4,alonso,Fernando,Alonso,Spanish,1981-07-29,44,1
5,kovalainen,Heikki,Kovalainen,Finnish,1981-10-19,44,1
6,nakajima,Kazuki,Nakajima,Japanese,1985-01-11,40,1
7,bourdais,Sébastien,Bourdais,French,1979-02-28,46,1
8,raikkonen,Kimi,Räikkönen,Finnish,1979-10-17,46,1
9,kubica,Robert,Kubica,Polish,1984-12-07,41,1
10,glock,Timo,Glock,German,1982-03-18,43,1
11,sato,Takuma,Sato,Japanese,1977-01-28,48,1
12,piquet_jr,Nelson,Piquet Jr.,Brazilian,1985-07-25,40,1
13,massa,Felipe,Massa,Brazilian,1981-04-25,44,1
14,coulthard,David,Coulthard,British,1971-03-27,54,1
15,trulli,Jarno,Trulli,Italian,1974-07-13,51,1
16,sutil,Adrian,Sutil,German,1983-01-11,42,1
17,webber,Mark,Webber,Australian,1976-08-27,49,1
18,button,Jenson,Button,British,1980-01-19,45,1
19,davidson,Anthony,Davidson,British,1979-04-18,46,1
20,vettel,Sebastian,Vettel,German,1987-07-03,38,1
21,fisichella,Giancarlo,Fisichella,Italian,1973-01-14,52,2
22,barrichello,Rubens,Barrichello,Brazilian,1972-05-23,53,1
23,ralf_schumacher,Ralf,Schumacher,German,1975-06-30,50,1
24,liuzzi,Vitantonio,Liuzzi,Italian,1980-08-06,45,1
25,wurz,Alexander,Wurz,Austrian,1974-02-15,51,1
26,speed,Scott,Speed,American,1983-01-24,42,1
27,albers,Christijan,Albers,Dutch,1979-04-16,46,1
28,markus_winkelhock,Markus,Winkelhock,German,1980-06-13,45,1
29,yamamoto,Sakon,Yamamoto,Japanese,1982-07-09,43,1
30,michael_schumacher,Michael,Schumacher,German,1969-01-03,56,2
31,montoya,Juan,Pablo Montoya,Colombian,1975-09-20,50,1
32,klien,Christian,Klien,Austrian,1983-02-07,42,1
33,monteiro,Tiago,Monteiro,Portuguese,1976-07-24,49,1
34,ide,Yuji,Ide,Japanese,1975-01-21,50,1
35,villeneuve,Jacques,Villeneuve,Canadian,1971-04-09,54,1
36,montagny,Franck,Montagny,French,1978-01-05,47,1
37,rosa,Pedro,de la Rosa,Spanish,1971-02-24,54,1
38,doornbos,Robert,Doornbos,Dutch,1981-09-23,44,1
39,karthikeyan,Narain,Karthikeyan,Indian,1977-01-14,48,1
40,friesacher,Patrick,Friesacher,Austrian,1980-09-26,45,1
41,zonta,Ricardo,Zonta,Brazilian,1976-03-23,49,1
42,pizzonia,Antônio,Pizzonia,Brazilian,1980-09-11,45,1
43,matta,Cristiano,da Matta,Brazilian,1973-09-19,52,1
44,panis,Olivier,Panis,French,1966-09-02,59,1
45,pantano,Giorgio,Pantano,Italian,1979-02-04,46,1
46,bruni,Gianmaria,Bruni,Italian,1981-05-30,44,1
47,baumgartner,Zsolt,Baumgartner,Hungarian,1981-01-01,44,1
48,gene,Marc,Gené,Spanish,1974-03-29,51,1
49,frentzen,Heinz-Harald,Frentzen,German,1967-05-18,58,2
50,verstappen,Jos,Verstappen,Dutch,1972-03-04,53,1
51,wilson,Justin,Wilson,British,1978-07-31,47,1
52,firman,Ralph,Firman,Irish,1975-05-20,50,1
53,kiesa,Nicolas,Kiesa,Danish,1978-03-03,47,1
54,burti,Luciano,Burti,Brazilian,1975-03-05,50,1
55,alesi,Jean,Alesi,French,1964-06-11,61,1
56,irvine,Eddie,Irvine,British,1965-11-10,60,1
57,hakkinen,Mika,Häkkinen,Finnish,1968-09-28,57,1
58,marques,Tarso,Marques,Brazilian,1976-01-19,49,1
59,bernoldi,Enrique,Bernoldi,Brazilian,1978-10-19,47,1
60,mazzacane,Gastón,Mazzacane,Argentine,1975-05-08,50,1
61,enge,Tomáš,Enge,Czech,1976-09-11,49,1
62,yoong,Alex,Yoong,Malaysian,1976-07-20,49,1
63,salo,Mika,Salo,Finnish,1966-11-30,59,1
64,diniz,Pedro,Diniz,Brazilian,1970-05-22,55,1
65,herbert,Johnny,Herbert,British,1964-06-25,61,1
66,mcnish,Allan,McNish,British,1969-12-29,56,1
67,buemi,Sébastien,Buemi,Swiss,1988-10-31,37,1
68,takagi,Toranosuke,Takagi,Japanese,1974-02-12,51,1
69,badoer,Luca,Badoer,Italian,1971-01-25,54,1
70,zanardi,Alessandro,Zanardi,Italian,1966-10-23,59,2
71,damon_hill,Damon,Hill,British,1960-09-17,65,1
72,sarrazin,Stéphane,Sarrazin,French,1975-11-02,50,1
73,rosset,Ricardo,Rosset,Brazilian,1968-07-27,57,1
74,tuero,Esteban,Tuero,Argentine,1978-04-22,47,1
75,nakano,Shinji,Nakano,Japanese,1971-04-01,54,1
76,magnussen,Jan,Magnussen,Danish,1973-07-04,52,1
77,berger,Gerhard,Berger,Austrian,1959-08-27,66,1
78,larini,Nicola,Larini,Italian,1964-03-19,61,1
79,katayama,Ukyo,Katayama,Japanese,1963-05-29,62,1
80,sospiri,Vincenzo,Sospiri,Italian,1966-10-07,59,1
81,morbidelli,Gianni,Morbidelli,Italian,1968-01-13,57,1
82,fontana,Norberto,Fontana,Argentine,1975-01-20,50,1
83,lamy,Pedro,Lamy,Portuguese,1972-03-20,53,1
84,brundle,Martin,Brundle,British,1959-06-01,66,1
85,montermini,Andrea,Montermini,Italian,1964-05-30,61,2
86,lavaggi,Giovanni,Lavaggi,Italian,1958-02-18,67,2
87,blundell,Mark,Blundell,British,1966-04-08,59,1
88,suzuki,Aguri,Suzuki,Japanese,1960-09-08,65,1
89,inoue,Taki,Inoue,Japanese,1963-09-05,62,1
90,moreno,Roberto,Moreno,Brazilian,1959-02-11,66,1
91,wendlinger,Karl,Wendlinger,Austrian,1968-12-20,57,1
92,gachot,Bertrand,Gachot,Belgian,1962-12-23,63,1
93,schiattarella,Domenico,Schiattarella,Italian,1967-11-17,58,2
94,martini,Pierluigi,Martini,Italian,1961-04-23,64,2
95,mansell,Nigel,Mansell,British,1953-08-08,72,1
96,boullion,Jean-Christophe,Boullion,French,1969-12-27,56,2
97,papis,Massimiliano,Papis,Italian,1969-10-03,56,2
98,deletraz,Jean-Denis,Délétraz,Swiss,1963-10-01,62,2
99,tarquini,Gabriele,Tarquini,Italian,1962-03-02,63,2
100,comas,Érik,Comas,French,1963-09-28,62,1
101,brabham,David,Brabham,Australian,1965-09-05,60,1
102,senna,Ayrton,Senna,Brazilian,1960-03-21,65,1
103,bernard,Éric,Bernard,French,1964-08-24,61,1
104,fittipaldi,Christian,Fittipaldi,Brazilian,1971-01-18,54,2
105,alboreto,Michele,Alboreto,Italian,1956-12-23,69,2
106,beretta,Olivier,Beretta,Monegasque,1969-11-23,56,1
107,ratzenberger,Roland,Ratzenberger,Austrian,1960-07-04,65,2
108,belmondo,Paul,Belmondo,French,1963-04-23,62,1
109,lehto,Jyrki,Järvilehto,Finnish,1966-01-31,59,1
110,cesaris,Andrea,de Cesaris,Italian,1959-05-31,66,2
111,gounon,Jean-Marc,Gounon,French,1963-01-01,62,1
112,alliot,Philippe,Alliot,French,1954-07-27,71,2
113,adams,Philippe,Adams,Belgian,1969-11-19,56,1
114,dalmas,Yannick,Dalmas,French,1961-07-28,64,1
115,noda,Hideki,Noda,Japanese,1969-03-07,56,1
116,lagorce,Franck,Lagorce,French,1968-09-01,57,1
117,prost,Alain,Prost,French,1955-02-24,70,1
118,warwick,Derek,Warwick,British,1954-08-27,71,1
119,patrese,Riccardo,Patrese,Italian,1954-04-17,71,2
120,barbazza,Fabrizio,Barbazza,Italian,1963-04-02,62,2
121,andretti,Michael,Andretti,American,1962-10-05,63,1
122,capelli,Ivan,Capelli,Italian,1963-05-24,62,1
123,boutsen,Thierry,Boutsen,Belgian,1957-07-13,68,2
124,apicella,Marco,Apicella,Italian,1965-10-07,60,1
125,naspetti,Emanuele,Naspetti,Italian,1968-02-24,57,1
126,toshio_suzuki,Toshio,Suzuki,Japanese,1955-03-10,70,1
127,gugelmin,Maurício,Gugelmin,Brazilian,1963-04-20,62,2
128,poele,Eric,van de Poele,Belgian,1961-09-30,64,2
129,grouillard,Olivier,Grouillard,French,1958-09-02,67,2
130,chiesa,Andrea,Chiesa,Swiss,1964-05-06,61,1
131,modena,Stefano,Modena,Italian,1963-05-12,62,1
132,amati,Giovanna,Amati,Italian,1959-07-20,66,1
133,caffi,Alex,Caffi,Italian,1964-03-18,61,1
134,bertaggia,Enrico,Bertaggia,Italian,1964-09-19,61,1
135,mccarthy,Perry,McCarthy,British,1961-03-03,64,1
136,lammers,Jan,Lammers,Dutch,1956-06-02,69,1
137,piquet,Nelson,Piquet,Brazilian,1952-08-17,73,0
138,satoru_nakajima,Satoru,Nakajima,Japanese,1953-02-23,72,2
139,pirro,Emanuele,Pirro,Italian,1962-01-12,63,1
140,johansson,Stefan,Johansson,Swedish,1956-09-08,69,2
141,bailey,Julian,Bailey,British,1961-10-09,64,1
142,chaves,Pedro,Chaves,Portuguese,1965-02-27,60,1
143,bartels,Michael,Bartels,German,1968-03-08,57,1
144,hattori,Naoki,Hattori,Japanese,1966-06-13,59,1
145,nannini,Alessandro,Nannini,Italian,1959-07-07,66,2
146,schneider,Bernd,Schneider,German,1964-07-20,61,1
147,barilla,Paolo,Barilla,Italian,1961-04-20,64,1
148,foitek,Gregor,Foitek,Swiss,1965-03-27,60,1
149,langes,Claudio,Langes,Italian,1960-07-20,65,1
150,gary_brabham,Gary,Brabham,Australian,1961-03-29,64,1
151,donnelly,Martin,Donnelly,British,1964-03-26,61,1
152,giacomelli,Bruno,Giacomelli,Italian,1952-09-10,73,2
153,alguersuari,Jaime,Alguersuari,Spanish,1990-03-23,35,1
154,grosjean,Romain,Grosjean,French,1986-04-17,39,1
155,kobayashi,Kamui,Kobayashi,Japanese,1986-09-13,39,1
156,palmer,Jonathan,Palmer,British,1956-11-07,69,2
157,danner,Christian,Danner,German,1958-04-04,67,2
158,cheever,Eddie,Cheever,American,1958-01-10,67,0
159,sala,Luis,Pérez-Sala,Spanish,1959-05-15,66,1
160,ghinzani,Piercarlo,Ghinzani,Italian,1952-01-16,73,2
161,weidler,Volker,Weidler,German,1962-03-18,63,1
162,raphanel,Pierre-Henri,Raphanel,French,1961-05-27,64,2
163,arnoux,René,Arnoux,French,1948-07-04,77,3
164,joachim_winkelhock,Joachim,Winkelhock,German,1960-10-24,65,2
165,larrauri,Oscar,Larrauri,Argentine,1954-08-19,71,0
166,streiff,Philippe,Streiff,French,1955-06-26,70,2
167,campos,Adrián,Campos,Spanish,1960-06-17,65,1
168,schlesser,Jean-Louis,Schlesser,French,1948-09-12,77,2
169,fabre,Pascal,Fabre,French,1960-01-09,65,1
170,fabi,Teo,Fabi,Italian,1955-03-09,70,3
171,forini,Franco,Forini,Swiss,1958-09-22,67,3
172,laffite,Jacques,Laffite,French,1943-11-21,82,2
173,angelis,Elio,de Angelis,Italian,1958-03-26,67,1
174,dumfries,Johnny,Dumfries,British,1958-04-26,67,1
175,tambay,Patrick,Tambay,French,1949-06-25,76,2
176,surer,Marc,Surer,Swiss,1951-09-18,74,3
177,keke_rosberg,Keke,Rosberg,Finnish,1948-12-06,77,3
178,jones,Alan,Jones,Australian,1946-11-02,79,0
179,rothengatter,Huub,Rothengatter,Dutch,1954-10-08,71,2
180,berg,Allen,Berg,Canadian,1961-08-01,64,1
181,manfred_winkelhock,Manfred,Winkelhock,German,1951-10-06,74,2
182,lauda,Niki,Lauda,Austrian,1949-02-22,76,0
183,hesnault,François,Hesnault,French,1956-12-30,69,2
184,baldi,Mauro,Baldi,Italian,1954-01-31,71,1
185,bellof,Stefan,Bellof,German,1957-11-20,68,1
186,acheson,Kenny,Acheson,British,1957-11-27,68,1
187,watson,John,Watson,British,1946-05-04,79,0
188,cecotto,Johnny,Cecotto,Venezuelan,1956-01-25,69,3
189,gartner,Jo,Gartner,Austrian,1954-01-24,71,0
190,corrado_fabi,Corrado,Fabi,Italian,1961-04-12,64,1
191,thackwell,Mike,Thackwell,New Zealander,1961-03-30,64,1
192,serra,Chico,Serra,Brazilian,1957-02-03,68,0
193,sullivan,Danny,Sullivan,American,1950-03-09,75,0
194,salazar,Eliseo,Salazar,Chilean,1954-11-14,71,1
195,guerrero,Roberto,Guerrero,Colombian,1958-11-16,67,2
196,boesel,Raul,Boesel,Brazilian,1957-12-04,68,0
197,jarier,Jean-Pierre,Jarier,French,1946-07-10,79,2
198,villeneuve_sr,Jacques,Villeneuve Sr.,Canadian,1953-11-04,72,2
199,reutemann,Carlos,Reutemann,Argentine,1942-04-12,83,2
200,mass,Jochen,Mass,German,1946-09-30,79,3
201,borgudd,Slim,Borgudd,Swedish,1946-11-25,79,3
202,pironi,Didier,Pironi,French,1952-03-26,73,1
203,gilles_villeneuve,Gilles,Villeneuve,Canadian,1950-01-18,75,2
204,paletti,Riccardo,Paletti,Italian,1958-06-15,67,2
205,henton,Brian,Henton,British,1946-09-19,79,0
206,daly,Derek,Daly,Irish,1953-03-11,72,3
207,mario_andretti,Mario,Andretti,American,1940-02-28,85,0
208,villota,Emilio,de Villota,Spanish,1946-07-26,79,2
209,lees,Geoff,Lees,British,1951-05-01,74,0
210,byrne,Tommy,Byrne,Irish,1958-05-06,67,1
211,keegan,Rupert,Keegan,British,1955-02-26,70,1
212,rebaque,Hector,Rebaque,Mexican,1956-02-05,69,1
213,gabbiani,Beppe,Gabbiani,Italian,1957-01-02,68,1
214,cogan,Kevin,Cogan,American,1956-03-31,69,0
215,guerra,Miguel Ángel,Guerra,Argentine,1953-08-31,72,2
216,stohr,Siegfried,Stohr,Italian,1952-10-10,73,2
217,zunino,Ricardo,Zunino,Argentine,1949-04-13,76,0
218,londono,Ricardo,Londoño,Colombian,1949-08-08,76,2
219,jabouille,Jean-Pierre,Jabouille,French,1942-10-01,83,2
220,francia,Giorgio,Francia,Italian,1947-11-08,78,2
221,depailler,Patrick,Depailler,French,1944-08-09,81,2
222,scheckter,Jody,Scheckter,South African,1950-01-29,75,3
223,regazzoni,Clay,Regazzoni,Swiss,1939-09-05,86,3
224,emerson_fittipaldi,Emerson,Fittipaldi,Brazilian,1946-12-12,79,2
225,kennedy,Dave,Kennedy,Irish,1953-01-15,72,1
226,south,Stephen,South,British,1952-02-19,73,1
227,needell,Tiff,Needell,British,1951-10-29,74,0
228,desire_wilson,Desiré,Wilson,South African,1953-11-26,72,3
229,ertl,Harald,Ertl,Austrian,1948-08-31,77,0
230,brambilla,Vittorio,Brambilla,Italian,1937-11-11,88,2
231,hunt,James,Hunt,British,1947-08-29,78,0
232,merzario,Arturo,Merzario,Italian,1943-03-11,82,2
233,stuck,Hans-Joachim,Stuck,German,1951-01-01,74,2
234,brancatelli,Gianfranco,Brancatelli,Italian,1950-01-18,75,2
235,ickx,Jacky,Ickx,Belgian,1945-01-01,80,0
236,gaillard,Patrick,Gaillard,French,1952-02-12,73,2
237,ribeiro,Alex,Ribeiro,Brazilian,1948-11-07,77,0
238,peterson,Ronnie,Peterson,Swedish,1944-02-14,81,3
239,lunger,Brett,Lunger,American,1945-11-14,80,0
240,ongais,Danny,Ongais,American,1942-05-21,83,0
241,leoni,Lamberto,Leoni,Italian,1953-05-24,72,1
242,galica,Divina,Galica,British,1944-08-13,81,0
243,stommelen,Rolf,Stommelen,German,1943-07-11,82,3
244,colombo,Alberto,Colombo,Italian,1946-02-23,79,2
245,trimmer,Tony,Trimmer,British,1943-01-24,82,0
246,binder,Hans,Binder,Austrian,1948-06-12,77,0
247,bleekemolen,Michael,Bleekemolen,Dutch,1949-10-02,76,2
248,gimax,Carlo,Franchi,Italian,1938-01-01,87,3
249,rahal,Bobby,Rahal,American,1953-01-10,72,0
250,pace,Carlos,Pace,Brazilian,1944-10-06,81,0
251,ian_scheckter,Ian,Scheckter,South African,1947-08-22,78,3
252,pryce,Tom,Pryce,British,1949-06-11,76,0
253,hoffmann,Ingo,Hoffmann,Brazilian,1953-02-28,72,1
254,zorzi,Renzo,Zorzi,Italian,1946-12-12,79,3
255,nilsson,Gunnar,Nilsson,Swedish,1948-11-20,77,3
256,perkins,Larry,Perkins,Australian,1950-03-18,75,0
257,hayje,Boy,Lunger,Dutch,1949-05-03,76,0
258,neve,Patrick,Nève,Belgian,1949-10-13,76,0
259,purley,David,Purley,British,1945-01-26,80,0
260,andersson,Conny,Andersson,Swedish,1939-12-28,86,3
261,dryver,Bernard,de Dryver,Belgian,1952-09-19,73,2
262,oliver,Jackie,Oliver,British,1942-08-14,83,0
263,kozarowitzky,Mikko,Kozarowitzky,Finnish,1948-05-17,77,2
264,sutcliffe,Andy,Sutcliffe,British,1947-05-09,78,0
265,edwards,Guy,Edwards,British,1942-12-30,83,0
266,mcguire,Brian,McGuire,Australian,1945-12-13,80,0
267,schuppan,Vern,Schuppan,Australian,1943-03-19,82,0
268,heyer,Hans,Heyer,German,1943-03-16,82,3
269,pilette,Teddy,Pilette,Belgian,1942-07-26,83,0
270,ashley,Ian,Ashley,British,1947-10-26,78,0
271,kessel,Loris,Kessel,Swiss,1950-04-01,75,3
272,takahashi,Kunimitsu,Takahashi,Japanese,1940-01-29,85,2
273,hoshino,Kazuyoshi,Hoshino,Japanese,1947-07-01,78,2
274,takahara,Noritake,Takahara,Japanese,1951-06-06,74,2
275,lombardi,Lella,Lombardi,Italian,1941-03-26,84,3
276,evans,Bob,Evans,British,1947-06-11,78,0
277,leclere,Michel,Leclère,French,1946-03-18,79,2
278,amon,Chris,Amon,New Zealander,1943-07-20,82,3
279,zapico,Emilio,Zapico,Spanish,1944-05-27,81,3
280,pescarolo,Henri,Pescarolo,French,1942-09-25,83,2
281,nelleman,Jac,Nelleman,Danish,1944-04-19,81,0
282,magee,Damien,Magee,British,1945-11-17,80,0
283,wilds,Mike,Wilds,British,1946-01-07,79,0
284,pesenti_rossi,Alessandro,Pesenti-Rossi,Italian,1942-08-31,83,2
285,stuppacher,Otto,Stuppacher,Austrian,1947-03-03,78,2
286,brown,Warwick,Brown,Australian,1949-12-24,76,0
287,hasemi,Masahiro,Hasemi,Japanese,1945-11-13,80,2
288,donohue,Mark,Donohue,American,1937-03-18,88,0
289,hill,Graham,Hill,British,1929-02-15,96,0
290,wilson_fittipaldi,Wilson,Fittipaldi,Brazilian,1943-12-25,82,2
291,tunmer,Guy,Tunmer,South African,1948-12-01,77,3
292,keizan,Eddie,Keizan,South African,1944-09-12,81,3
293,charlton,Dave,Charlton,South African,1936-10-27,89,3
294,brise,Tony,Brise,British,1952-03-28,73,0
295,wunderink,Roelof,Wunderink,Dutch,1948-12-12,77,2
296,migault,François,Migault,French,1944-12-04,81,2
297,palm,Torsten,Palm,Swedish,1947-07-23,78,3
298,lennep,Gijs,van Lennep,Dutch,1942-03-16,83,2
299,fushida,Hiroshi,Fushida,Japanese,1946-03-10,79,2
300,nicholson,John,Nicholson,New Zealander,1941-10-06,84,3
301,morgan,Dave,Morgan,British,1944-08-07,81,0
302,crawford,Jim,Crawford,British,1948-02-13,77,0
303,vonlanthen,Jo,Vonlanthen,Swiss,1942-05-31,83,3
304,hulme,Denny,Hulme,New Zealander,1936-06-18,89,3
305,hailwood,Mike,Hailwood,British,1940-04-02,85,0
306,beltoise,Jean-Pierre,Beltoise,French,1937-04-26,88,2
307,ganley,Howden,Ganley,New Zealander,1941-12-24,84,3
308,robarts,Richard,Robarts,British,1944-09-22,81,2
309,revson,Peter,Revson,American,1939-02-27,86,0
310,driver,Paddy,Driver,South African,1934-05-13,91,3
311,belso,Tom,Belsø,Danish,1942-08-27,83,0
312,redman,Brian,Redman,British,1937-03-09,88,0
313,opel,Rikky,von Opel,Liechtensteiner,1947-10-14,78,3
314,schenken,Tim,Schenken,Australian,1943-09-26,82,0
315,larrousse,Gérard,Larrousse,French,1940-05-23,85,2
316,kinnunen,Leo,Kinnunen,Finnish,1943-08-05,82,3
317,wisell,Reine,Wisell,Swedish,1941-09-30,84,3
318,roos,Bertil,Roos,Swedish,1943-10-12,82,3
319,dolhem,José,Dolhem,French,1944-04-26,81,3
320,gethin,Peter,Gethin,British,1940-02-21,85,0
321,bell,Derek,Bell,British,1941-10-31,84,0
322,hobbs,David,Hobbs,British,1939-06-09,86,0
323,quester,Dieter,Quester,Austrian,1939-05-30,86,0
324,koinigg,Helmuth,Koinigg,Austrian,1948-11-03,77,2
325,facetti,Carlo,Facetti,Italian,1935-06-26,90,3
326,wietzes,Eppie,Wietzes,Canadian,1938-05-28,87,0
327,cevert,François,Cevert,French,1944-02-25,81,2
328,stewart,Jackie,Stewart,British,1939-06-11,86,0
329,beuttler,Mike,Beuttler,British,1940-04-13,85,0
330,galli,Nanni,Galli,Italian,1940-10-02,85,3
331,bueno,Luiz,Bueno,Brazilian,1937-01-16,88,0
332,follmer,George,Follmer,American,1934-01-27,91,0
333,adamich,Andrea,de Adamich,Italian,1941-10-03,84,2
334,pretorius,Jackie,Pretorius,South African,1934-11-22,91,3
335,williamson,Roger,Williamson,British,1948-02-02,77,2
336,mcrae,Graham,McRae,New Zealander,1940-03-05,85,3
337,marko,Helmut,Marko,Austrian,1943-04-27,82,0
338,walker,David,Walker,Australian,1941-06-10,84,0
339,roig,Alex,Soler-Roig,Spanish,1932-10-29,93,3
340,love,John,Love,Rhodesian,1924-12-07,101,3
341,surtees,John,Surtees,British,1934-02-11,91,0
342,barber,Skip,Barber,American,1936-11-16,89,0
343,brack,Bill,Brack,Canadian,1935-12-26,90,0
344,posey,Sam,Posey,American,1944-05-26,81,0
345,rodriguez,Pedro,Rodríguez,Mexican,1940-01-18,85,3
346,siffert,Jo,Siffert,Swiss,1936-07-07,89,3
347,bonnier,Jo,Bonnier,Swedish,1930-01-31,95,3
348,mazet,François,Mazet,French,1943-02-24,82,3
349,jean,Max,Jean,French,1943-07-27,82,0
350,elford,Vic,Elford,British,1935-06-10,90,0
351,moser,Silvio,Moser,Swiss,1941-04-24,84,3
352,eaton,George,Eaton,Canadian,1945-11-12,80,0
353,lovely,Pete,Lovely,American,1926-04-11,99,0
354,craft,Chris,Craft,British,1939-11-17,86,0
355,Cannoc,John,Cannon,Canadian,1933-06-21,92,0
356,jack_brabham,Jack,Brabham,Australian,1926-04-02,99,0
357,miles,John,Miles,British,1943-06-14,82,0
358,rindt,Jochen,Rindt,Austrian,1942-04-18,83,0
359,gavin,Johnny,Servoz-Gavin,French,1942-01-18,83,2
360,mclaren,Bruce,McLaren,New Zealander,1937-08-30,88,3
361,courage,Piers,Courage,British,1942-05-27,83,0
362,klerk,Peter,de Klerk,South African,1935-03-16,90,3
363,giunti,Ignazio,Giunti,Italian,1941-08-30,84,3
364,gurney,Dan,Gurney,American,1931-04-13,94,0
365,hahne,Hubert,Hahne,German,1935-03-28,90,3
366,hutchison,Gus,Hutchison,American,1937-04-26,88,0
367,westbury,Peter,Westbury,British,1938-05-26,87,0
368,tingle,Sam,Tingle,Rhodesian,1921-08-24,104,3
369,rooyen,Basil,van Rooyen,South African,1939-04-19,86,3
370,attwood,Richard,Attwood,British,1940-04-04,85,2
371,pease,Al,Pease,Canadian,1921-10-15,104,0
372,cordts,John,Cordts,Canadian,1935-07-23,90,0
373,clark,Jim,Clark,British,1936-03-04,89,0
374,spence,Mike,Spence,British,1936-12-30,89,0
375,scarfiotti,Ludovico,Scarfiotti,Italian,1933-10-18,92,2
376,bianchi,Lucien,Bianchi,Belgian,1934-11-10,91,0
377,jo_schlesser,Jo,Schlesser,French,1928-05-18,97,3
378,widdows,Robin,Widdows,British,1942-05-27,83,0
379,ahrens,Kurt,Ahrens,German,1940-04-19,85,3
380,gardner,Frank,Gardner,Australian,1930-10-01,95,0
381,unser,Bobby,Unser,American,1934-02-20,91,0
382,solana,Moisés,Solana,Mexican,1935-12-26,90,3
383,anderson,Bob,Anderson,British,1931-05-19,94,0
384,botha,Luki,Botha,South African,1930-01-16,95,3
385,bandini,Lorenzo,Bandini,Italian,1935-12-21,90,3
386,ginther,Richie,Ginther,American,1930-08-05,95,0
387,parkes,Mike,Parkes,British,1931-09-24,94,0
388,irwin,Chris,Irwin,British,1942-06-27,83,0
389,ligier,Guy,Ligier,French,1930-07-12,95,3
390,rees,Alan,Rees,British,1938-01-12,87,0
391,hart,Brian,Hart,British,1936-09-07,89,0
392,fisher,Mike,Fisher,American,1943-03-13,82,0
393,tom_jones,Tom,Jones,American,1943-04-26,82,0
394,baghetti,Giancarlo,Baghetti,Italian,1934-12-25,91,2
395,williams,Jonathan,Williams,British,1942-10-26,83,2
396,bondurant,Bob,Bondurant,American,1933-04-27,92,0
397,arundell,Peter,Arundell,British,1933-11-08,92,0
398,vic_wilson,Vic,Wilson,British,1931-04-14,94,0
399,taylor,John,Taylor,British,1933-03-23,92,0
400,lawrence,Chris,Lawrence,British,1933-07-27,92,0
401,trevor_taylor,Trevor,Taylor,British,1936-12-26,89,0
402,geki,Giacomo,Russo,Italian,1937-10-23,88,3
403,phil_hill,Phil,Hill,American,1927-04-20,98,0
404,ireland,Innes,Ireland,British,1930-06-12,95,0
405,bucknum,Ronnie,Bucknum,American,1936-04-05,89,0
406,hawkins,Paul,Hawkins,Australian,1937-10-12,88,0
407,prophet,David,Prophet,British,1937-10-09,88,0
408,maggs,Tony,Maggs,South African,1937-02-09,88,3
409,blokdyk,Trevor,Blokdyk,South African,1935-11-30,90,3
410,lederle,Neville,Lederle,South African,1938-09-25,87,3
411,serrurier,Doug,Serrurier,South African,1920-12-09,105,3
412,niemann,Brausch,Niemann,South African,1939-01-07,86,3
413,pieterse,Ernie,Pieterse,South African,1938-07-04,87,3
414,puzey,Clive,Puzey,Rhodesian,1941-07-11,84,3
415,reed,Ray,Reed,South African,1932-04-30,93,3
416,clapham,David,Clapham,South African,1931-05-18,94,3
417,blignaut,Alex,Blignaut,South African,1932-11-30,93,3
418,gregory,Masten,Gregory,American,1932-02-29,93,0
419,rhodes,John,Rhodes,British,1927-08-18,98,0
420,raby,Ian,Raby,British,1921-09-22,104,0
421,rollinson,Alan,Rollinson,British,1943-05-15,82,0
422,gubby,Brian,Gubby,British,1934-04-17,91,0
423,mitter,Gerhard,Mitter,German,1935-08-30,90,3
424,bussinello,Roberto,Bussinello,Italian,1927-10-04,98,2
425,vaccarella,Nino,Vaccarella,Italian,1933-03-04,92,3
426,bassi,Giorgio,Bassi,Italian,1934-01-20,91,3
427,trintignant,Maurice,Trintignant,French,1917-10-30,108,2
428,collomb,Bernard,Collomb,French,1930-10-07,95,3
429,andre_pilette,André,Pilette,Belgian,1918-10-06,107,0
430,beaufort,Carel Godin,de Beaufort,Dutch,1934-04-10,91,2
431,barth,Edgar,Barth,German,1917-01-26,108,3
432,cabral,Mário de Araújo,Cabral,Portuguese,1934-01-15,91,2
433,hansgen,Walt,Hansgen,American,1919-10-28,106,0
434,sharp,Hap,Sharp,American,1928-01-01,97,0
435,mairesse,Willy,Mairesse,Belgian,1928-10-01,97,0
436,campbell-jones,John,Campbell-Jones,British,1930-01-21,95,2
437,burgess,Ian,Burgess,British,1930-07-06,95,0
438,settember,Tony,Settember,American,1926-07-10,99,0
439,estefano,Nasif,Estéfano,Argentine,1932-11-18,93,0
440,hall,Jim,Hall,American,1935-07-23,90,0
441,parnell,Tim,Parnell,British,1932-06-25,93,0
442,kuhnke,Kurt,Kuhnke,German,1910-04-30,115,3
443,ernesto_brambilla,Ernesto,Brambilla,Italian,1934-01-31,91,2
444,lippi,Roberto,Lippi,Italian,1926-10-17,99,3
445,seiffert,Günther,Seiffert,German,1937-10-18,88,2
446,abate,Carlo,Abate,Italian,1932-07-10,93,3
447,starrabba,Gaetano,Starrabba,Italian,1932-12-03,93,2
448,broeker,Peter,Broeker,Canadian,1926-05-15,99,0
449,ward,Rodger,Ward,American,1921-01-10,104,0
450,vos,Ernie,de Vos,Dutch,1941-07-01,84,0
451,dochnal,Frank,Dochnal,American,1920-10-08,105,0
452,monarch,Thomas,Monarch,American,1945-09-03,80,0
842,gasly,Pierre,Gasly,French,1996-02-07,29,1
453,lewis,Jackie,Lewis,British,1936-11-01,89,0
454,ricardo_rodriguez,Ricardo,Rodríguez,Mexican,1942-02-14,83,2
455,seidel,Wolfgang,Seidel,German,1926-07-04,99,3
456,salvadori,Roy,Salvadori,British,1922-05-12,103,0
457,pon,Ben,Pon,Dutch,1936-12-09,89,0
458,slotemaker,Rob,Slotemaker,Dutch,1929-06-13,96,3
459,marsh,Tony,Marsh,British,1931-07-20,94,0
460,ashmore,Gerry,Ashmore,British,1936-07-25,89,0
461,schiller,Heinz,Schiller,Swiss,1930-01-25,95,3
462,davis,Colin,Davis,British,1933-07-29,92,0
463,chamberlain,Jay,Chamberlain,American,1925-12-29,100,0
464,shelly,Tony,Shelly,New Zealander,1937-02-02,88,3
465,greene,Keith,Greene,British,1938-01-05,87,0
466,walter,Heini,Walter,Swiss,1927-07-28,98,3
467,prinoth,Ernesto,Prinoth,Italian,1923-04-15,102,3
468,penske,Roger,Penske,American,1937-02-20,88,0
469,schroeder,Rob,Schroeder,British,1926-05-11,99,0
470,mayer,Timmy,Mayer,American,1938-02-22,87,0
471,johnstone,Bruce,Johnstone,South African,1937-01-30,88,3
472,harris,Mike,Harris,South African,1939-05-25,86,3
473,hocking,Gary,Hocking,Rhodesian,1937-09-30,88,3
474,vyver,Syd,van der Vyver,South African,1920-06-01,105,3
475,moss,Stirling,Moss,British,1929-09-17,96,0
476,trips,Wolfgang,von Trips,German,1928-05-04,97,2
477,allison,Cliff,Allison,British,1932-02-08,93,0
478,herrmann,Hans,Herrmann,German,1928-02-23,97,3
479,brooks,Tony,Brooks,British,1932-02-25,93,0
480,may,Michael,May,Swiss,1934-08-18,91,3
481,henry_taylor,Henry,Taylor,British,1932-12-16,93,0
482,gendebien,Olivier,Gendebien,Belgian,1924-01-12,101,2
483,scarlatti,Giorgio,Scarlatti,Italian,1921-10-02,104,2
484,naylor,Brian,Naylor,British,1923-03-24,102,0
485,bordeu,Juan Manuel,Bordeu,Argentine,1934-01-28,91,2
486,fairman,Jack,Fairman,British,1913-03-15,112,0
487,natili,Massimo,Natili,Italian,1935-07-28,90,3
488,monteverdi,Peter,Monteverdi,Swiss,1934-06-07,91,3
489,pirocchi,Renato,Pirocchi,Italian,1933-03-26,92,3
490,duke,Geoff,Duke,British,1923-03-29,102,0
491,thiele,Alfonso,Thiele,American-Italian,1920-04-05,105,0
492,boffa,Menato,Boffa,Italian,1930-01-04,95,3
493,ryan,Peter,Ryan,Canadian,1940-06-10,85,0
494,ruby,Lloyd,Ruby,American,1928-01-12,97,0
495,ken_miles,Ken,Miles,British,1918-11-01,107,0
496,menditeguy,Carlos,Menditeguy,Argentine,1914-08-10,111,0
497,larreta,Alberto Rodriguez,Larreta,Argentine,1934-01-14,91,2
498,gonzalez,José Froilán,González,Argentine,1922-10-05,103,2
499,bonomi,Roberto,Bonomi,Argentine,1919-09-30,106,0
500,munaron,Gino,Munaron,Italian,1928-04-02,97,3
501,schell,Harry,Schell,American,1921-06-29,104,0
502,stacey,Alan,Stacey,British,1933-08-29,92,0
503,chimeri,Ettore,Chimeri,Venezuelan,1921-06-04,104,3
504,creus,Antonio,Creus,Spanish,1924-10-28,101,3
505,bristow,Chris,Bristow,British,1937-12-02,88,0
506,halford,Bruce,Halford,British,1931-05-18,94,0
507,daigh,Chuck,Daigh,American,1923-11-29,102,0
508,reventlow,Lance,Reventlow,American,1936-02-24,89,0
509,rathmann,Jim,Rathmann,American,1928-07-16,97,0
510,goldsmith,Paul,Goldsmith,American,1925-10-02,100,0
511,branson,Don,Branson,American,1920-06-02,105,0
512,thomson,Johnny,Thomson,American,1922-04-09,103,0
513,johnson,Eddie,Johnson,American,1919-02-10,106,0
514,veith,Bob,Veith,American,1926-11-01,99,0
515,tingelstad,Bud,Tingelstad,American,1928-04-04,97,0
516,christie,Bob,Christie,American,1924-04-04,101,0
517,amick,Red,Amick,American,1929-01-19,96,0
518,darter,Duane,Carter,American,1913-05-05,112,0
519,homeier,Bill,Homeier,American,1918-08-31,107,0
520,hartley,Gene,Hartley,American,1926-01-28,99,0
521,stevenson,Chuck,Stevenson,American,1919-10-15,106,0
522,grim,Bobby,Grim,American,1924-09-04,101,0
523,templeman,Shorty,Templeman,American,1919-08-12,106,0
524,hurtubise,Jim,Hurtubise,American,1932-12-05,93,0
525,bryan,Jimmy,Bryan,American,1926-01-28,99,0
526,ruttman,Troy,Ruttman,American,1930-03-11,95,0
527,sachs,Eddie,Sachs,American,1927-05-28,98,0
528,freeland,Don,Freeland,American,1925-03-25,100,0
529,bettenhausen,Tony,Bettenhausen,American,1916-09-12,109,0
530,weiler,Wayne,Weiler,American,1934-12-09,91,0
531,foyt,Anthony,Foyt,American,1935-01-16,90,0
532,russo,Eddie,Russo,American,1925-11-19,100,0
533,boyd,Johnny,Boyd,American,1926-08-19,99,0
534,force,Gene,Force,American,1916-06-15,109,0
535,mcwithey,Jim,McWithey,American,1927-07-04,98,0
536,sutton,Len,Sutton,American,1925-08-09,100,0
537,dick_rathmann,Dick,Rathmann,American,1924-01-06,101,0
538,herman,Al,Herman,American,1927-03-15,98,0
539,dempsey_wilson,Dempsey,Wilson,American,1927-03-11,98,0
540,mike_taylor,Mike,Taylor,British,1934-04-24,91,0
541,flockhart,Ron,Flockhart,British,1923-06-16,102,0
542,piper,David,Piper,British,1930-12-02,95,0
543,cabianca,Giulio,Cabianca,Italian,1923-02-19,102,3
544,drogo,Piero,Drogo,Italian,1926-08-08,99,3
545,gamble,Fred,Gamble,American,1932-03-17,93,0
546,owen,Arthur,Owen,British,1915-03-23,110,0
547,gould,Horace,Gould,British,1918-09-20,107,0
548,drake,Bob,Drake,American,1919-12-14,106,0
549,bueb,Ivor,Bueb,British,1923-06-06,102,0
550,Changy,Alain,de Changy,Belgian,1922-02-05,103,0
551,filippis,Maria,de Filippis,Italian,1926-11-11,99,2
552,lucienbonnet,Jean,Lucienbonnet,French,1923-01-07,102,2
553,testut,André,Testut,Monegasque,1926-04-13,99,3
554,behra,Jean,Behra,French,1921-02-16,104,3
555,paul_russo,Paul,Russo,American,1914-04-10,111,0
556,daywalt,Jimmy,Daywalt,American,1924-08-28,101,0
557,arnold,Chuck,Arnold,American,1926-05-30,99,0
558,keller,Al,Keller,American,1920-04-11,105,0
559,flaherty,Pat,Flaherty,American,1926-01-06,99,0
560,cheesbourg,Bill,Cheesbourg,American,1927-06-12,98,0
561,ray_crawford,Ray,Crawford,American,1915-10-26,110,0
562,turner,Jack,Turner,American,1920-02-12,105,0
563,weyant,Chuck,Weyant,American,1923-04-03,102,0
564,larson,Jud,Larson,American,1923-01-21,102,0
565,magill,Mike,Magill,American,1920-02-08,105,0
566,shelby,Carroll,Shelby,American,1923-01-11,102,0
567,orey,Fritz,d'Orey,Brazilian,1938-03-25,87,0
568,fontes,Azdrubal,Fontes,Uruguayan,1922-12-26,103,3
569,ashdown,Peter,Ashdown,British,1934-10-16,91,0
570,bill_moss,Bill,Moss,British,1933-09-04,92,0
571,dennis_taylor,Dennis,Taylor,British,1921-06-12,104,0
572,blanchard,Harry,Blanchard,American,1929-06-13,96,0
573,tomaso,Alessandro,de Tomaso,Argentine-Italian,1928-07-10,97,2
574,constantine,George,Constantine,American,1918-02-22,107,2
575,said,Bob,Said,American,1932-05-05,93,0
576,cade,Phil,Cade,American,1916-06-12,109,0
577,musso,Luigi,Musso,Italian,1924-07-28,101,3
578,hawthorn,Mike,Hawthorn,British,1929-04-10,96,0
579,fangio,Juan,Fangio,Argentine,1911-06-24,114,0
580,godia,Paco,Godia,Spanish,1921-03-21,104,3
581,collins,Peter,Collins,British,1931-11-06,94,0
582,kavanagh,Ken,Kavanagh,Australian,1923-12-12,102,0
583,gerini,Gerino,Gerini,Italian,1928-08-10,97,3
584,kessler,Bruce,Kessler,American,1936-03-23,89,0
585,emery,Paul,Emery,British,1916-11-12,109,0
586,piotti,Luigi,Piotti,Italian,1913-10-27,112,3
587,ecclestone,Bernie,Ecclestone,British,1930-10-28,95,2
588,taramazzo,Luigi,Taramazzo,Italian,1932-05-05,93,3
589,chiron,Louis,Chiron,Monegasque,1899-08-03,126,3
590,lewis-evans,Stuart,Lewis-Evans,British,1930-04-20,95,2
591,george_amick,George,Amick,American,1924-10-24,101,0
592,reece,Jimmy,Reece,American,1929-11-17,96,0
593,parsons,Johnnie,Parsons,American,1918-07-04,107,0
594,tolan,Johnnie,Tolan,American,1917-10-22,108,0
595,garrett,Billy,Garrett,American,1933-04-24,92,0
596,elisian,Ed,Elisian,American,1926-12-09,99,0
597,connor,Pat,O'Connor,American,1928-10-09,97,0
598,jerry_unser,Jerry,Unser,American,1932-11-15,93,0
599,bisch,Art,Bisch,American,1926-11-10,99,0
600,goethals,Christian,Goethals,Belgian,1928-08-04,97,2
601,gibson,Dick,Gibson,British,1918-04-16,107,0
602,la_caze,Robert,La Caze,French,1917-02-26,108,3
603,guelfi,André,Guelfi,French,1919-05-06,106,3
604,picard,François,Picard,French,1921-04-26,104,3
605,bridger,Tom,Bridger,British,1934-06-24,91,0
606,portago,Alfonso,de Portago,Spanish,1928-10-11,97,2
607,perdisa,Cesare,Perdisa,Italian,1932-10-21,93,3
608,castellotti,Eugenio,Castellotti,Italian,1930-10-10,95,2
609,simon,André,Simon,French,1920-01-05,105,3
610,leston,Les,Leston,British,1920-12-16,105,0
611,hanks,Sam,Hanks,American,1914-07-13,111,0
612,linden,Andy,Linden,American,1922-04-05,103,0
613,teague,Marshall,Teague,American,1921-02-22,104,0
614,edmunds,Don,Edmunds,American,1930-09-23,95,0
615,agabashian,Fred,Agabashian,American,1913-08-21,112,0
616,george,Elmer,George,American,1928-07-15,97,0
617,macdowel,Mike,MacDowel,British,1932-09-13,93,0
618,mackay-fraser,Herbert,MacKay-Fraser,American,1927-06-23,98,2
619,gerard,Bob,Gerard,British,1914-01-19,111,0
620,maglioli,Umberto,Maglioli,Italian,1928-06-05,97,3
621,england,Paul,England,Australian,1929-03-28,96,0
622,landi,Chico,Landi,Brazilian,1907-07-14,118,0
623,uria,Alberto,Uria,Uruguayan,1924-07-11,101,3
624,ramos,Hernando,da Silva Ramos,Brazilian,1925-12-07,100,2
625,bayol,Élie,Bayol,French,1914-02-28,111,3
626,manzon,Robert,Manzon,French,1917-04-12,108,3
627,rosier,Louis,Rosier,French,1905-11-05,120,3
628,sweikert,Bob,Sweikert,American,1926-05-20,99,0
629,griffith,Cliff,Griffith,American,1916-02-06,109,0
630,dinsmore,Duke,Dinsmore,American,1913-04-10,112,0
631,andrews,Keith,Andrews,American,1920-06-15,105,0
632,frere,Paul,Frère,Belgian,1917-01-30,108,0
633,villoresi,Luigi,Villoresi,Italian,1909-05-16,116,3
634,scotti,Piero,Scotti,Italian,1909-11-11,116,3
635,chapman,Colin,Chapman,British,1928-05-19,97,0
636,titterington,Desmond,Titterington,British,1928-05-01,97,2
637,scott_Brown,Archie,Scott Brown,British,1927-05-13,98,2
638,volonterio,Ottorino,Volonterio,Swiss,1917-12-07,108,2
639,milhoux,André,Milhoux,Belgian,1928-12-09,97,0
640,graffenried,Toulo,de Graffenried,Swiss,1914-05-18,111,2
641,taruffi,Piero,Taruffi,Italian,1906-10-12,119,3
642,farina,Nino,Farina,Italian,1906-10-30,119,3
643,mieres,Roberto,Mieres,Argentine,1924-12-03,101,0
644,mantovani,Sergio,Mantovani,Italian,1929-05-22,96,3
645,bucci,Clemar,Bucci,Argentine,1920-09-04,105,0
646,iglesias,Jesús,Iglesias,Argentine,1922-02-22,103,0
647,ascari,Alberto,Ascari,Italian,1918-07-13,107,3
648,kling,Karl,Kling,German,1910-09-16,115,3
649,birger,Pablo,Birger,Argentine,1924-01-07,101,0
650,pollet,Jacques,Pollet,French,1922-07-02,103,3
651,macklin,Lance,Macklin,British,1919-09-02,106,0
652,whiteaway,Ted,Whiteaway,British,1928-11-01,97,0
653,davies,Jimmy,Davies,American,1929-08-08,96,0
654,faulkner,Walt,Faulkner,American,1920-02-16,105,0
655,niday,Cal,Niday,American,1914-04-29,111,0
656,cross,Art,Cross,American,1918-01-24,107,0
657,vukovich,Bill,Vukovich,American,1918-12-13,107,0
658,mcgrath,Jack,McGrath,American,1919-10-08,106,0
659,hoyt,Jerry,Hoyt,American,1929-01-29,96,0
660,claes,Johnny,Claes,Belgian,1916-08-11,109,0
661,peter_walker,Peter,Walker,British,1912-10-07,113,0
662,sparken,Mike,Sparken,French,1930-06-16,95,3
663,wharton,Ken,Wharton,British,1916-03-21,109,0
664,mcalpine,Kenneth,McAlpine,British,1920-09-21,105,0
665,marr,Leslie,Marr,British,1922-08-14,103,0
666,rolt,Tony,Rolt,British,1918-10-16,107,0
667,fitch,John,Fitch,American,1917-08-04,108,0
668,lucas,Jean,Lucas,French,1917-04-25,108,3
669,bira,Prince,Bira,Thai,1914-07-15,111,3
670,marimon,Onofre,Marimón,Argentine,1923-12-19,102,0
671,loyer,Roger,Loyer,French,1907-08-05,118,3
672,daponte,Jorge,Daponte,Argentine,1923-06-05,102,0
673,nazaruk,Mike,Nazaruk,American,1921-10-02,104,0
674,crockett,Larry,Crockett,American,1926-10-23,99,0
675,ayulo,Manny,Ayulo,American,1921-10-20,104,0
676,armi,Frank,Armi,American,1918-10-12,107,0
677,webb,Travis,Webb,American,1910-10-08,115,0
678,duncan,Len,Duncan,American,1911-07-25,114,0
679,mccoy,Ernie,McCoy,American,1921-02-19,104,0
680,swaters,Jacques,Swaters,American,1926-10-30,99,0
681,georges_berger,Georges,Berger,Belgian,1918-09-14,107,0
682,beauman,Don,Beauman,British,1928-07-26,97,0
683,thorne,Leslie,Thorne,British,1916-06-23,109,0
684,whitehouse,Bill,Whitehouse,British,1909-04-01,116,0
685,riseley_prichard,John,Riseley-Prichard,British,1924-01-17,101,2
686,reg_parnell,Reg,Parnell,British,1911-07-02,114,0
687,whitehead,Peter,Whitehead,British,1914-11-12,111,0
688,brandon,Eric,Brandon,British,1920-07-18,105,0
689,alan_brown,Alan,Brown,British,1919-11-20,106,0
690,nuckey,Rodney,Nuckey,British,1929-06-26,96,0
691,lang,Hermann,Lang,German,1909-04-06,116,3
692,helfrich,Theo,Helfrich,German,1913-05-13,112,3
693,wacker,Fred,Wacker,American,1918-07-10,107,0
694,riu,Giovanni,de Riu,Italian,1925-03-10,100,3
695,galvez,Oscar,Gálvez,Argentine,1913-08-17,112,0
696,john_barber,John,Barber,British,1929-07-22,96,0
697,bonetto,Felice,Bonetto,Italian,1903-06-09,122,3
698,cruz,Adolfo,Cruz,Argentine,1923-06-28,102,0
699,nalon,Duke,Nalon,American,1913-03-02,112,0
700,scarborough,Carl,Scarborough,American,1914-07-03,111,0
701,holland,Bill,Holland,American,1907-12-18,118,0
702,bob_scott,Bob,Scott,American,1928-10-04,97,0
703,legat,Arthur,Legat,Belgian,1898-11-01,127,0
704,cabantous,Yves,Cabantous,French,1904-10-08,121,3
705,crook,Tony,Crook,British,1920-02-16,105,0
706,jimmy_stewart,Jimmy,Stewart,British,1931-03-06,94,0
707,ian_stewart,Ian,Stewart,British,1929-07-15,96,0
708,duncan_hamilton,Duncan,Hamilton,British,1920-04-30,105,0
709,klodwig,Ernst,Klodwig,East German,1903-05-23,122,3
710,krause,Rudolf,Krause,East German,1907-03-30,118,3
711,karch,Oswald,Karch,German,1917-03-06,108,3
712,heeks,Willi,Heeks,German,1922-02-13,103,3
713,fitzau,Theo,Fitzau,East German,1923-02-10,102,3
714,adolff,Kurt,Adolff,German,1921-11-05,104,3
715,bechem,Günther,Bechem,German,1921-12-21,104,3
716,bauer,Erwin,Bauer,German,1912-07-17,113,3
717,hans_stuck,Hans,von Stuck,German,1900-12-27,125,3
718,loof,Ernst,Loof,German,1907-07-04,118,3
719,scherrer,Albert,Scherrer,Swiss,1908-02-28,117,3
720,terra,Max,de Terra,Swiss,1918-10-06,107,3
721,hirt,Peter,Hirt,Swiss,1910-03-30,115,3
722,carini,Piero,Carini,Italian,1921-03-06,104,3
723,fischer,Rudi,Fischer,Swiss,1912-04-19,113,3
724,ulmen,Toni,Ulmen,German,1906-01-25,119,3
725,abecassis,George,Abecassis,British,1913-03-21,112,0
726,george_connor,George,Connor,American,1906-08-16,119,0
727,rigsby,Jim,Rigsby,American,1923-06-06,102,0
728,james,Joe,James,American,1925-05-23,100,0
729,schindler,Bill,Schindler,American,1909-03-06,116,0
730,fonder,George,Fonder,American,1917-06-22,108,0
731,banks,Henry,Banks,American,1913-06-14,112,0
732,mcdowell,Johnny,McDowell,American,1915-01-29,110,0
733,miller,Chet,Miller,American,1902-07-19,123,0
734,ball,Bobby,Ball,American,1925-08-26,100,0
735,tornaco,Charles,de Tornaco,Belgian,1927-06-07,98,2
736,laurent,Roger,Laurent,Belgian,1913-02-21,112,0
737,obrien,Robert,O'Brien,American,1908-04-11,117,0
738,gaze,Tony,Gaze,Australian,1920-02-03,105,0
739,charrington,Robin,Montgomerie-Charrington,British,1915-06-23,110,2
740,comotti,Franco,Comotti,Italian,1906-07-24,119,3
741,etancelin,Philippe,Étancelin,French,1896-12-28,129,3
742,poore,Dennis,Poore,British,1916-08-19,109,0
743,thompson,Eric,Thompson,British,1919-11-04,106,0
744,downing,Ken,Downing,British,1917-12-05,108,0
745,graham_whitehead,Graham,Whitehead,British,1922-04-15,103,0
746,bianco,Gino,Bianco,Brazilian,1916-07-22,109,0
747,murray,David,Murray,British,1909-12-28,116,0
748,cantoni,Eitel,Cantoni,Uruguayan,1906-10-04,119,3
749,aston,Bill,Aston,British,1900-03-29,125,0
750,brudes,Adolf,Brudes,German,1899-10-15,126,3
751,riess,Fritz,Riess,German,1922-07-11,103,3
752,niedermayr,Helmut,Niedermayr,German,1915-11-29,110,2
753,klenk,Hans,Klenk,German,1919-10-28,106,3
754,balsa,Marcel,Balsa,French,1909-01-01,116,3
755,schoeller,Rudolf,Schoeller,Swiss,1902-04-27,123,3
756,pietsch,Paul,Pietsch,German,1911-06-20,114,3
757,peters,Josef,Peters,German,1914-09-16,111,3
758,lof,Dries,van der Lof,Dutch,1919-08-23,106,2
759,flinterman,Jan,Flinterman,Dutch,1919-10-02,106,3
760,dusio,Piero,Dusio,Italian,1899-10-13,126,3
761,crespo,Alberto,Crespo,Argentine,1920-01-16,105,0
762,rol,Franco,Rol,Italian,1908-06-05,117,3
763,sanesi,Consalvo,Sanesi,Italian,1911-03-28,114,3
764,guy_mairesse,Guy,Mairesse,French,1910-08-10,115,3
765,louveau,Henri,Louveau,French,1910-01-25,115,3
766,wallard,Lee,Wallard,American,1910-09-07,115,0
767,forberg,Carl,Forberg,American,1911-03-04,114,0
768,rose,Mauri,Rose,American,1906-05-26,119,0
769,mackey,Bill,Mackey,American,1927-12-15,98,0
770,green,Cecil,Green,American,1919-09-30,106,0
771,walt_brown,Walt,Brown,American,1911-12-30,114,0
772,hellings,Mack,Hellings,American,1915-09-14,110,0
773,levegh,Pierre,Levegh,French,1905-12-22,120,3
774,chaboud,Eugène,Chaboud,French,1907-04-12,118,3
775,gordini,Aldo,Gordini,French,1921-05-20,104,3
776,kelly,Joe,Kelly,Irish,1913-03-13,112,3
777,parker,Philip,Fotheringham-Parker,British,1907-09-22,118,2
778,shawe_taylor,Brian,Shawe Taylor,British,1915-01-28,110,2
779,john_james,John,James,British,1914-05-10,111,0
780,branca,Toni,Branca,Swiss,1916-09-15,109,3
781,richardson,Ken,Richardson,British,1911-08-21,114,0
782,jover,Juan,Jover,Spanish,1903-11-23,122,3
783,grignard,Georges,Grignard,French,1905-07-25,120,3
784,hampshire,David,Hampshire,British,1917-12-29,108,0
785,crossley,Geoff,Crossley,British,1921-05-11,104,0
786,fagioli,Luigi,Fagioli,Italian,1898-06-09,127,3
787,harrison,Cuth,Harrison,British,1906-07-06,119,0
788,fry,Joe,Fry,British,1915-10-26,110,0
789,martin,Eugène,Martin,French,1915-03-24,110,3
790,leslie_johnson,Leslie,Johnson,British,1912-03-22,113,0
791,biondetti,Clemente,Biondetti,Italian,1898-08-18,127,3
792,pian,Alfredo,Pián,Argentine,1912-10-21,113,0
793,sommer,Raymond,Sommer,French,1906-08-31,119,3
794,chitwood,Joie,Chitwood,American,1912-04-14,113,0
795,fohr,Myron,Fohr,American,1912-06-17,113,0
796,ader,Walt,Ader,American,1913-12-15,112,0
797,holmes,Jackie,Holmes,American,1920-09-04,105,0
798,levrett,Bayliss,Levrett,American,1914-02-14,111,0
799,jackson,Jimmy,Jackson,American,1910-07-25,115,0
800,pagani,Nello,Pagani,Italian,1911-10-11,114,3
801,pozzi,Charles,Pozzi,French,1909-08-27,116,3
802,serafini,Dorino,Serafini,Italian,1909-07-22,116,3
803,cantrell,Bill,Cantrell,American,1908-01-31,117,0
804,mantz,Johnny,Mantz,American,1918-09-18,107,0
805,kladis,Danny,Kladis,American,1917-02-10,108,0
806,oscar_gonzalez,Óscar,González,Uruguayan,1923-11-10,102,3
807,hulkenberg,Nico,Hülkenberg,German,1987-08-19,38,1
808,petrov,Vitaly,Petrov,Russian,1984-09-08,41,1
810,grassi,Lucas,di Grassi,Brazilian,1984-08-11,41,1
811,bruno_senna,Bruno,Senna,Brazilian,1983-10-15,42,1
812,chandhok,Karun,Chandhok,Indian,1984-01-19,41,1
813,maldonado,Pastor,Maldonado,Venezuelan,1985-03-09,40,1
814,resta,Paul,di Resta,British,1986-04-16,39,1
815,perez,Sergio,Pérez,Mexican,1990-01-26,35,1
816,ambrosio,Jérôme,d'Ambrosio,Belgian,1985-12-27,40,1
817,ricciardo,Daniel,Ricciardo,Australian,1989-07-01,36,1
818,vergne,Jean-Éric,Vergne,French,1990-04-25,35,1
819,pic,Charles,Pic,French,1990-02-15,35,1
820,chilton,Max,Chilton,British,1991-04-21,34,1
821,gutierrez,Esteban,Gutiérrez,Mexican,1991-08-05,34,1
822,bottas,Valtteri,Bottas,Finnish,1989-08-28,36,1
823,garde,Giedo,van der Garde,Dutch,1985-04-25,40,1
824,jules_bianchi,Jules,Bianchi,French,1989-08-03,36,1
825,kevin_magnussen,Kevin,Magnussen,Danish,1992-10-05,33,1
826,kvyat,Daniil,Kvyat,Russian,1994-04-26,31,1
827,lotterer,André,Lotterer,German,1981-11-19,44,1
828,ericsson,Marcus,Ericsson,Swedish,1990-09-02,35,1
829,stevens,Will,Stevens,British,1991-06-28,34,1
830,max_verstappen,Max,Verstappen,Dutch,1997-09-30,28,1
831,nasr,Felipe,Nasr,Brazilian,1992-08-21,33,1
832,sainz,Carlos,Sainz,Spanish,1994-09-01,31,1
833,merhi,Roberto,Merhi,Spanish,1991-03-22,34,1
834,rossi,Alexander,Rossi,American,1991-09-25,34,1
835,jolyon_palmer,Jolyon,Palmer,British,1991-01-20,34,1
836,wehrlein,Pascal,Wehrlein,German,1994-10-18,31,1
837,haryanto,Rio,Haryanto,Indonesian,1993-01-22,32,1
838,vandoorne,Stoffel,Vandoorne,Belgian,1992-03-26,33,1
839,ocon,Esteban,Ocon,French,1996-09-17,29,1
840,stroll,Lance,Stroll,Canadian,1998-10-29,27,1
841,giovinazzi,Antonio,Giovinazzi,Italian,1993-12-14,32,1
843,brendon_hartley,Brendon,Hartley,New Zealander,1989-11-10,36,1
844,leclerc,Charles,Leclerc,Monegasque,1997-10-16,28,1
845,sirotkin,Sergey,Sirotkin,Russian,1995-08-27,30,1
846,norris,Lando,Norris,British,1999-11-13,26,1
847,russell,George,Russell,British,1998-02-15,27,1
848,albon,Alexander,Albon,Thai,1996-03-23,29,1
849,latifi,Nicholas,Latifi,Canadian,1995-06-29,30,1
850,pietro_fittipaldi,Pietro,Fittipaldi,Brazilian,1996-06-25,29,1
851,aitken,Jack,Aitken,British,1995-09-23,30,1
852,tsunoda,Yuki,Tsunoda,Japanese,2000-05-11,25,1
853,mazepin,Nikita,Mazepin,Russian,1999-03-02,26,1
854,mick_schumacher,Mick,Schumacher,German,1999-03-22,26,1
855,zhou,Guanyu,Zhou,Chinese,1999-05-30,26,1
856,de_vries,Nyck,de Vries,Dutch,1995-02-06,30,1
857,piastri,Oscar,Piastri,Australian,2001-04-06,24,1
858,sargeant,Logan,Sargeant,American,2000-12-31,25,1
859,lawson,Liam,Lawson,New Zealander,2002-02-11,23,1
860,bearman,Oliver,Bearman,British,2005-05-08,20,1
861,colapinto,Franco,Colapinto,Argentinian ,2003-05-27,22,1
862,doohan,Jack,Doohan,Australian,2003-01-20,22,1
